step,train_loss,train_top1,lr,seconds,eval_ce,eval_top1
1,2.185546875,0.1111111111111111,9.999802610509541e-05,1.3124526999999944,1.674760341644287,0.3333333333333333
2,1.6927083730697632,0.3333333333333333,9.99921047320825e-05,0.15848879999975907,0.9365102052688599,0.8888888888888888
3,0.9824082851409912,0.7777777777777778,9.998223681601473e-05,0.1375306999998429,0.7681860327720642,0.7777777777777778
4,0.85546875,0.7777777777777778,9.996842391515045e-05,0.13593740000032994,0.46040502190589905,0.8888888888888888
5,0.5068935751914978,0.8888888888888888,9.99506682107068e-05,0.13570579999986876,0.24179325997829437,1.0
6,0.2522447407245636,1.0,9.992897250651535e-05,0.14212799999995696,0.13427911698818207,1.0
7,0.1594696044921875,1.0,9.990334022857933e-05,0.14082790000020395,0.08872517198324203,1.0
8,0.0879601389169693,1.0,9.987377542453251e-05,0.13799770000014178,0.05508020892739296,1.0
9,0.0928107351064682,1.0,9.984028276300021e-05,0.13560389999975087,0.05302988737821579,1.0
10,0.0432722307741642,1.0,9.980286753286196e-05,0.13773670000000493,0.029502054676413536,1.0
11,0.0613471120595932,1.0,9.976153564241628e-05,0.13975699999991775,0.011975424364209175,1.0
12,0.01287841796875,1.0,9.971629361844785e-05,0.1418231000002379,0.0084846755489707,1.0
