epoch,train_loss,train_top1,val_loss,val_top1,val_macro_f1,val_balanced_acc,val_ece,val_nll,lr,seconds,warmup_steps
1,0.7950106179568825,0.7308498475609756,0.24895650561248803,0.9174521565267066,0.8892348245895758,0.8768148967875505,0.01046800076310116,0.2489565051254974,9.939024390243903e-05,68.3288729320002,328
2,0.331915243983087,0.8917682926829268,0.31448568805086036,0.9034561553841759,0.8785428147350716,0.8538826351716919,0.04192701477880888,0.3144856865508501,9.803116907624321e-05,67.41299456300021,328
3,0.228022410011873,0.9258765243902439,0.20079249871207863,0.9397315052842045,0.9182225347013198,0.9258120414494582,0.008020433093441212,0.20079249715349562,9.221181439498324e-05,66.94297768399974,328
4,0.1810118474020827,0.9457888719512195,0.18065800580577285,0.9451585261353899,0.9241681098830988,0.9159343892742512,0.019536010071770367,0.18065800732059037,8.301321658115371e-05,66.83541093799977,328
5,0.12699305058297952,0.9590320121951219,0.18908938998555974,0.9551556698086261,0.9408176099287393,0.9422243341754497,0.025384630630764002,0.18908939870964464,7.118059132346351e-05,66.73235880399989,328
6,0.10189857645096576,0.9682736280487805,0.14580643920813652,0.9605826906598115,0.9445582588655138,0.9441008790707512,0.020498444387198545,0.14580645048234345,5.767254754895862e-05,66.24644198199985,328
7,0.0686814615321232,0.9787538109756098,0.15228776020942983,0.9668666095401314,0.9544923800887563,0.9526670077875539,0.02048630704528843,0.15228777579105868,4.358342662881984e-05,65.89971757799958,328
8,0.04834576115784485,0.984375,0.1657249050640899,0.967723507569266,0.958362368568031,0.9472035596494259,0.022539883363877487,0.16572491970556724,3.0093905888004633e-05,65.8742432959998,328
9,0.026224150152013796,0.9920922256097561,0.15798353879007615,0.9728648957440731,0.964795602412415,0.959280840908174,0.021310960871472547,0.1579835530656585,1.8214884626961895e-05,65.45044691500061,328
10,0.015657205055127056,0.9945693597560976,0.14777710521721607,0.9757212225078549,0.9680607424222922,0.9639654815778732,0.017521774778823992,0.147777116155233,8.951411406468476e-06,65.08987090700066,328
11,0.01147073900281656,0.9958079268292683,0.14657363091944683,0.9768637532133676,0.9689873782673831,0.9679634051476964,0.017121538746413312,0.1465736400856151,3.0539577348522093e-06,65.1411242209997,328
12,0.008907662750017352,0.9976181402439024,0.14898532790300736,0.9768637532133676,0.9690619133186019,0.9674283654418908,0.017532994053670894,0.1489853368628162,1.000300235079959e-06,65.18097976099943,328
